direction,speed,time
0.15000000000000002,0.15,2020-03-09 11:29:17.144740
0.15000000000000002,0.13,2020-03-09 11:29:18.580759
0.15000000000000002,0.15,2020-03-09 11:29:18.712765
0.15000000000000002,0.13,2020-03-09 11:29:18.842938
0.15000000000000002,0.15,2020-03-09 11:29:19.082754
0.15000000000000002,0.13,2020-03-09 11:29:19.183227
0.15000000000000002,0.15,2020-03-09 11:29:19.323512
0.15000000000000002,0.13,2020-03-09 11:29:19.403664
0.15000000000000002,0.15,2020-03-09 11:29:19.493112
0.15000000000000002,0.13,2020-03-09 11:29:19.583349
0.15000000000000002,0.15,2020-03-09 11:29:19.703782
0.15000000000000002,0.13,2020-03-09 11:29:32.081870
0.15000000000000002,0.15,2020-03-09 11:29:32.263423
0.15000000000000002,0.13,2020-03-09 11:29:32.673983
0.15000000000000002,0.15,2020-03-09 11:29:32.853798
0.15000000000000002,0.13,2020-03-09 11:29:33.354259
0.15729152560234072,0.13,2020-03-09 11:29:33.555601
0.16539200991392136,0.13,2020-03-09 11:29:33.565954
0.17054745852947234,0.13,2020-03-09 11:29:33.575104
0.17128426283597947,0.13,2020-03-09 11:29:33.589153
0.16981065422296526,0.13,2020-03-09 11:29:33.597936
0.15802832990884783,0.13,2020-03-09 11:29:33.605290
0.15000000000000002,0.13,2020-03-09 11:29:33.616450
0.15000000000000002,0.15,2020-03-09 11:29:33.653618
0.14786392226815226,0.15,2020-03-09 11:29:33.677300
0.14565569013357163,0.15,2020-03-09 11:29:33.685695
0.14344745799899103,0.15,2020-03-09 11:29:33.696367
0.14197385013103486,0.15,2020-03-09 11:29:33.708350
0.1397634379565716,0.15,2020-03-09 11:29:33.717426
0.13902881368994713,0.15,2020-03-09 11:29:33.725257
0.1397634379565716,0.15,2020-03-09 11:29:33.738799
0.14197385013103486,0.15,2020-03-09 11:29:33.774856
0.14491888619959356,0.15,2020-03-09 11:29:33.785137
0.1471292981877923,0.15,2020-03-09 11:29:33.796171
0.14786392226815226,0.15,2020-03-09 11:29:33.807689
0.14860072629526258,0.15,2020-03-09 11:29:33.825194
0.14933753036893904,0.15,2020-03-09 11:29:33.868988
0.14860072629526258,0.15,2020-03-09 11:29:33.877810
0.14933753036893904,0.15,2020-03-09 11:29:33.894949
0.14860072629526258,0.15,2020-03-09 11:29:33.915134
0.14933753036893904,0.15,2020-03-09 11:29:33.925149
0.14860072629526258,0.15,2020-03-09 11:29:33.945193
0.14933753036893904,0.15,2020-03-09 11:29:33.954581
0.14860072629526258,0.15,2020-03-09 11:29:33.965189
0.14933753036893904,0.15,2020-03-09 11:29:33.984444
0.14860072629526258,0.15,2020-03-09 11:29:33.997333
0.14933753036893904,0.15,2020-03-09 11:29:34.165667
0.15000000000000002,0.15,2020-03-09 11:29:34.197331
0.15000000000000002,0.13,2020-03-09 11:29:35.182127
0.15000000000000002,0.15,2020-03-09 11:29:35.264147
0.15000000000000002,0.13,2020-03-09 11:29:52.553184
0.15000000000000002,0.15,2020-03-09 11:29:52.755788
0.14933753036893904,0.15,2020-03-09 11:29:53.067049
0.14786392226815226,0.15,2020-03-09 11:29:53.075474
0.1471292981877923,0.15,2020-03-09 11:29:53.085085
0.14565569013357163,0.15,2020-03-09 11:29:53.098238
0.14344745799899103,0.15,2020-03-09 11:29:53.105241
0.14271065369248392,0.15,2020-03-09 11:29:53.115654
0.14197385013103486,0.15,2020-03-09 11:29:53.129308
0.14271065369248392,0.15,2020-03-09 11:29:53.166050
0.14418208226561546,0.15,2020-03-09 11:29:53.206732
0.14197385013103486,0.15,2020-03-09 11:29:53.246948
0.1397634379565716,0.15,2020-03-09 11:29:53.256645
0.13902881368994713,0.15,2020-03-09 11:29:53.265953
0.1382920101284981,0.15,2020-03-09 11:29:53.296158
0.13608159720897675,0.15,2020-03-09 11:29:53.305215
0.13608159720897675,0.13,2020-03-09 11:29:53.316553
0.1338733658194542,0.13,2020-03-09 11:29:53.321607
0.12724648863077165,0.13,2020-03-09 11:29:53.326719
0.12135423719882965,0.13,2020-03-09 11:29:53.335884
0.11693559288978578,0.13,2020-03-09 11:29:53.346733
0.11546416580677032,0.13,2020-03-09 11:29:53.355703
0.11325375139713288,0.13,2020-03-09 11:29:53.365461
0.11104552149772645,0.13,2020-03-09 11:29:53.376998
0.11030871570110322,0.13,2020-03-09 11:29:53.386075
0.108835107088089,0.13,2020-03-09 11:29:53.425891
0.11325375139713288,0.13,2020-03-09 11:29:53.456730
0.12356464862823487,0.13,2020-03-09 11:29:53.465573
0.1397634379565716,0.13,2020-03-09 11:29:53.476504
0.15000000000000002,0.13,2020-03-09 11:29:53.486083
0.15000000000000002,0.15,2020-03-09 11:29:53.565307
0.1471292981877923,0.15,2020-03-09 11:29:53.707408
0.14271065369248392,0.15,2020-03-09 11:29:53.715439
0.13461017012596133,0.15,2020-03-09 11:29:53.725840
0.12503607720136645,0.15,2020-03-09 11:29:53.738668
0.11840920150279999,0.15,2020-03-09 11:29:53.747498
0.11546416580677032,0.15,2020-03-09 11:29:53.755880
0.11399055719375611,0.15,2020-03-09 11:29:53.767667
0.11104552149772645,0.15,2020-03-09 11:29:53.776277
0.108098304271698,0.15,2020-03-09 11:29:53.785444
0.1036818414926529,0.15,2020-03-09 11:29:53.798717
0.1,0.15,2020-03-09 11:29:53.805538
0.10073462426662445,0.15,2020-03-09 11:29:53.967499
0.108098304271698,0.15,2020-03-09 11:29:53.976537
0.11399055719375611,0.15,2020-03-09 11:29:53.985832
0.11546416580677032,0.15,2020-03-09 11:29:53.999301
0.11693559288978578,0.15,2020-03-09 11:29:54.007753
0.11767239570617677,0.15,2020-03-09 11:29:54.015861
0.11840920150279999,0.15,2020-03-09 11:29:54.086633
0.11914600431919098,0.15,2020-03-09 11:29:54.096170
0.12061743438243866,0.15,2020-03-09 11:29:54.105578
0.12209104001522064,0.15,2020-03-09 11:29:54.118455
0.12282784581184387,0.15,2020-03-09 11:29:54.125581
0.12356464862823487,0.15,2020-03-09 11:29:54.197202
0.12282784581184387,0.15,2020-03-09 11:29:54.206109
0.12356464862823487,0.15,2020-03-09 11:29:54.216153
0.12429927289485931,0.15,2020-03-09 11:29:54.425730
0.12503607720136645,0.15,2020-03-09 11:29:54.446853
0.12577288150787355,0.15,2020-03-09 11:29:54.458236
0.12650968581438066,0.15,2020-03-09 11:29:54.466663
0.13092833012342453,0.15,2020-03-09 11:29:54.476149
0.1331365615129471,0.15,2020-03-09 11:29:54.486566
0.13534697294235232,0.15,2020-03-09 11:29:54.496142
0.13681840151548386,0.15,2020-03-09 11:29:54.505894
0.1382920101284981,0.15,2020-03-09 11:29:54.517953
0.1397634379565716,0.15,2020-03-09 11:29:54.525385
0.1405002422630787,0.15,2020-03-09 11:29:54.556243
0.14197385013103486,0.15,2020-03-09 11:29:54.586888
0.14491888619959356,0.15,2020-03-09 11:29:54.596867
0.14786392226815226,0.15,2020-03-09 11:29:54.605680
0.15000000000000002,0.15,2020-03-09 11:29:54.617702
0.15000000000000002,0.13,2020-03-09 11:29:55.623087
0.15000000000000002,0.15,2020-03-09 11:29:55.855908
0.15000000000000002,0.13,2020-03-09 11:29:55.995822
0.15000000000000002,0.15,2020-03-09 11:29:56.235492
0.15000000000000002,0.13,2020-03-09 11:29:56.745769
0.15000000000000002,0.15,2020-03-09 11:29:56.955799
0.15000000000000002,0.13,2020-03-09 11:29:57.066132
0.15000000000000002,0.15,2020-03-09 11:29:57.325811
0.15000000000000002,0.13,2020-03-09 11:29:59.375982
0.1471292981877923,0.13,2020-03-09 11:29:59.384397
0.14565569013357163,0.13,2020-03-09 11:29:59.392827
0.14418208226561546,0.13,2020-03-09 11:29:59.399704
0.14271065369248392,0.13,2020-03-09 11:29:59.411300
0.14123704582452776,0.13,2020-03-09 11:29:59.420730
0.1382920101284981,0.13,2020-03-09 11:29:59.428504
0.13681840151548386,0.13,2020-03-09 11:29:59.439518
0.13608159720897675,0.13,2020-03-09 11:29:59.446698
0.13534697294235232,0.13,2020-03-09 11:29:59.467603
0.13461017012596133,0.13,2020-03-09 11:29:59.478466
0.13534697294235232,0.13,2020-03-09 11:29:59.500404
0.13608159720897675,0.13,2020-03-09 11:29:59.548050
0.137555205821991,0.13,2020-03-09 11:29:59.566367
0.13902881368994713,0.13,2020-03-09 11:29:59.598772
0.1405002422630787,0.13,2020-03-09 11:29:59.636704
0.14123704582452776,0.13,2020-03-09 11:29:59.650275
0.14197385013103486,0.13,2020-03-09 11:29:59.658592
0.14197385013103486,0.15,2020-03-09 11:29:59.667994
0.14271065369248392,0.15,2020-03-09 11:29:59.676868
0.14197385013103486,0.15,2020-03-09 11:29:59.856226
0.14197385013103486,0.13,2020-03-09 11:29:59.906075
0.14123704582452776,0.13,2020-03-09 11:29:59.918656
0.14197385013103486,0.13,2020-03-09 11:29:59.937590
0.14271065369248392,0.13,2020-03-09 11:30:00.026588
0.14344745799899103,0.13,2020-03-09 11:30:00.046685
0.14418208226561546,0.13,2020-03-09 11:30:00.086065
0.14344745799899103,0.13,2020-03-09 11:30:00.098233
0.14344745799899103,0.15,2020-03-09 11:30:00.105207
0.14271065369248392,0.15,2020-03-09 11:30:00.125961
0.14344745799899103,0.15,2020-03-09 11:30:00.147656
0.14271065369248392,0.15,2020-03-09 11:30:00.156585
0.14271065369248392,0.13,2020-03-09 11:30:00.166327
0.14271065369248392,0.15,2020-03-09 11:30:00.335699
0.14271065369248392,0.13,2020-03-09 11:30:00.406368
0.14197385013103486,0.13,2020-03-09 11:30:00.426561
0.14271065369248392,0.13,2020-03-09 11:30:00.466787
0.14271065369248392,0.15,2020-03-09 11:30:00.586036
0.14271065369248392,0.13,2020-03-09 11:30:00.656740
0.14197385013103486,0.13,2020-03-09 11:30:00.689469
0.14271065369248392,0.13,2020-03-09 11:30:00.736869
0.14271065369248392,0.15,2020-03-09 11:30:00.846238
0.14271065369248392,0.13,2020-03-09 11:30:00.905577
0.14197385013103486,0.13,2020-03-09 11:30:00.918153
0.14123704582452776,0.13,2020-03-09 11:30:00.938121
0.14197385013103486,0.13,2020-03-09 11:30:00.957579
0.14123704582452776,0.13,2020-03-09 11:30:00.969426
0.14197385013103486,0.13,2020-03-09 11:30:00.977887
0.14197385013103486,0.15,2020-03-09 11:30:01.046118
0.14271065369248392,0.15,2020-03-09 11:30:01.087239
0.14271065369248392,0.13,2020-03-09 11:30:01.156361
0.14123704582452776,0.13,2020-03-09 11:30:01.165843
0.13902881368994713,0.13,2020-03-09 11:30:01.175593
0.137555205821991,0.13,2020-03-09 11:30:01.189712
0.1382920101284981,0.13,2020-03-09 11:30:01.197802
0.1382920101284981,0.15,2020-03-09 11:30:01.285717
0.1405002422630787,0.15,2020-03-09 11:30:01.306477
0.1397634379565716,0.15,2020-03-09 11:30:01.357254
0.1405002422630787,0.15,2020-03-09 11:30:01.368043
0.1397634379565716,0.15,2020-03-09 11:30:01.389002
0.1382920101284981,0.15,2020-03-09 11:30:01.399471
0.1382920101284981,0.13,2020-03-09 11:30:01.407109
0.13608159720897675,0.13,2020-03-09 11:30:01.419824
0.13534697294235232,0.13,2020-03-09 11:30:01.427922
0.13534697294235232,0.15,2020-03-09 11:30:01.516199
0.13608159720897675,0.15,2020-03-09 11:30:01.537123
0.13681840151548386,0.15,2020-03-09 11:30:01.549124
0.137555205821991,0.15,2020-03-09 11:30:01.557033
0.1382920101284981,0.15,2020-03-09 11:30:01.579039
0.1397634379565716,0.15,2020-03-09 11:30:01.587780
0.1405002422630787,0.15,2020-03-09 11:30:01.609483
0.1397634379565716,0.15,2020-03-09 11:30:01.617772
0.13902881368994713,0.15,2020-03-09 11:30:01.648194
0.1397634379565716,0.15,2020-03-09 11:30:01.677957
0.13902881368994713,0.15,2020-03-09 11:30:01.700547
0.1397634379565716,0.15,2020-03-09 11:30:01.707968
0.13902881368994713,0.15,2020-03-09 11:30:01.717298
0.1397634379565716,0.15,2020-03-09 11:30:01.736588
0.13902881368994713,0.15,2020-03-09 11:30:01.777280
0.1397634379565716,0.15,2020-03-09 11:30:01.798045
0.13902881368994713,0.15,2020-03-09 11:30:01.807062
0.1397634379565716,0.15,2020-03-09 11:30:01.829354
0.13608159720897675,0.15,2020-03-09 11:30:01.837138
0.13534697294235232,0.15,2020-03-09 11:30:01.847152
0.13461017012596133,0.15,2020-03-09 11:30:01.859067
0.13534697294235232,0.15,2020-03-09 11:30:01.967679
0.13461017012596133,0.15,2020-03-09 11:30:01.977414
0.1338733658194542,0.15,2020-03-09 11:30:02.026428
0.1331365615129471,0.15,2020-03-09 11:30:02.047488
0.1338733658194542,0.15,2020-03-09 11:30:02.097773
0.1331365615129471,0.15,2020-03-09 11:30:02.106947
0.1338733658194542,0.15,2020-03-09 11:30:02.130979
0.1331365615129471,0.15,2020-03-09 11:30:02.139975
0.1338733658194542,0.15,2020-03-09 11:30:02.158933
0.1331365615129471,0.15,2020-03-09 11:30:02.167857
0.1338733658194542,0.15,2020-03-09 11:30:02.219968
0.1331365615129471,0.15,2020-03-09 11:30:02.228207
0.1338733658194542,0.15,2020-03-09 11:30:02.250259
0.1331365615129471,0.15,2020-03-09 11:30:02.261034
0.1338733658194542,0.15,2020-03-09 11:30:02.277215
0.1331365615129471,0.15,2020-03-09 11:30:02.289190
0.1338733658194542,0.15,2020-03-09 11:30:02.307533
0.1331365615129471,0.15,2020-03-09 11:30:02.318667
0.1338733658194542,0.15,2020-03-09 11:30:02.336409
0.1331365615129471,0.15,2020-03-09 11:30:02.347496
0.1338733658194542,0.15,2020-03-09 11:30:02.367547
0.1331365615129471,0.15,2020-03-09 11:30:02.378164
0.1338733658194542,0.15,2020-03-09 11:30:02.397456
0.1331365615129471,0.15,2020-03-09 11:30:02.407434
0.1338733658194542,0.15,2020-03-09 11:30:02.416404
0.1331365615129471,0.15,2020-03-09 11:30:02.438558
0.1338733658194542,0.15,2020-03-09 11:30:02.448509
0.1331365615129471,0.15,2020-03-09 11:30:02.468660
0.1338733658194542,0.15,2020-03-09 11:30:02.476855
0.1331365615129471,0.15,2020-03-09 11:30:02.499995
0.1338733658194542,0.15,2020-03-09 11:30:02.507787
0.1331365615129471,0.15,2020-03-09 11:30:02.530232
0.1338733658194542,0.15,2020-03-09 11:30:02.538452
0.1331365615129471,0.15,2020-03-09 11:30:02.559937
0.1338733658194542,0.15,2020-03-09 11:30:02.569425
0.1331365615129471,0.15,2020-03-09 11:30:02.590774
0.1338733658194542,0.15,2020-03-09 11:30:02.599179
0.13461017012596133,0.15,2020-03-09 11:30:02.637056
0.1338733658194542,0.15,2020-03-09 11:30:02.677551
0.13461017012596133,0.15,2020-03-09 11:30:02.688927
0.1338733658194542,0.15,2020-03-09 11:30:02.917659
0.13461017012596133,0.15,2020-03-09 11:30:02.926760
0.1338733658194542,0.15,2020-03-09 11:30:02.977579
0.13461017012596133,0.15,2020-03-09 11:30:02.986475
0.13534697294235232,0.15,2020-03-09 11:30:04.096675
0.13608159720897675,0.15,2020-03-09 11:30:04.107078
0.14860072629526258,0.15,2020-03-09 11:30:04.117266
0.15000000000000002,0.15,2020-03-09 11:30:04.131077
0.15000000000000002,0.13,2020-03-09 11:30:54.837458
0.15000000000000002,0.15,2020-03-09 11:30:55.059649
0.15000000000000002,0.13,2020-03-09 11:30:55.399766
0.15000000000000002,0.15,2020-03-09 11:30:55.569900
0.15000000000000002,0.13,2020-03-09 11:30:55.670704
0.1471292981877923,0.13,2020-03-09 11:30:55.702215
0.14271065369248392,0.13,2020-03-09 11:30:55.710502
0.13608159720897675,0.13,2020-03-09 11:30:55.721204
0.1338733658194542,0.13,2020-03-09 11:30:55.731571
0.13019152581691742,0.13,2020-03-09 11:30:55.740241
0.1279811128973961,0.13,2020-03-09 11:30:55.750167
0.12871791720390321,0.13,2020-03-09 11:30:55.770184
0.1279811128973961,0.13,2020-03-09 11:30:55.780392
0.12871791720390321,0.13,2020-03-09 11:30:55.792826
0.1279811128973961,0.13,2020-03-09 11:30:55.801083
0.12503607720136645,0.13,2020-03-09 11:30:55.810427
0.12356464862823487,0.13,2020-03-09 11:30:55.822407
0.12282784581184387,0.13,2020-03-09 11:30:55.841188
0.12061743438243866,0.13,2020-03-09 11:30:55.850164
0.11840920150279999,0.13,2020-03-09 11:30:55.861328
0.11840920150279999,0.15,2020-03-09 11:30:55.868824
0.11178232431411744,0.15,2020-03-09 11:30:55.876629
0.10589007139205933,0.15,2020-03-09 11:30:55.887439
0.10662687718868256,0.15,2020-03-09 11:30:55.894774
0.108835107088089,0.15,2020-03-09 11:30:55.902628
0.11251694858074189,0.15,2020-03-09 11:30:55.910358
0.1147273600101471,0.15,2020-03-09 11:30:55.920446
0.11546416580677032,0.15,2020-03-09 11:30:55.930232
0.11767239570617677,0.15,2020-03-09 11:30:55.940853
0.12061743438243866,0.15,2020-03-09 11:30:55.951927
0.12356464862823487,0.15,2020-03-09 11:30:55.960710
0.12650968581438066,0.15,2020-03-09 11:30:55.969974
0.12650968581438066,0.13,2020-03-09 11:30:55.981006
0.13166513293981552,0.13,2020-03-09 11:30:55.988104
0.13902881368994713,0.13,2020-03-09 11:30:55.995094
0.15000000000000002,0.13,2020-03-09 11:30:56.004184
0.1617101699113846,0.13,2020-03-09 11:30:56.041240
0.16981065422296526,0.13,2020-03-09 11:30:56.051283
0.17422929853200914,0.13,2020-03-09 11:30:56.061325
0.17570290565490723,0.13,2020-03-09 11:30:56.073001
0.17275568991899493,0.13,2020-03-09 11:30:56.081111
0.16392058283090594,0.13,2020-03-09 11:30:56.090041
0.15360968559980392,0.13,2020-03-09 11:30:56.102627
0.15000000000000002,0.13,2020-03-09 11:30:56.110163
0.15000000000000002,0.15,2020-03-09 11:30:56.169872
0.13902881368994713,0.15,2020-03-09 11:30:56.190704
0.12945472151041032,0.15,2020-03-09 11:30:56.202364
0.11840920150279999,0.15,2020-03-09 11:30:56.210546
0.108835107088089,0.15,2020-03-09 11:30:56.220668
0.10073462426662445,0.15,2020-03-09 11:30:56.230771
0.1,0.15,2020-03-09 11:30:56.240118
0.1,0.13,2020-03-09 11:30:56.262628
0.10589007139205933,0.13,2020-03-09 11:30:56.411023
0.12282784581184387,0.13,2020-03-09 11:30:56.419928
0.12282784581184387,0.15,2020-03-09 11:30:56.428965
0.14123704582452776,0.15,2020-03-09 11:30:56.436635
0.15000000000000002,0.15,2020-03-09 11:30:56.446310
0.14491888619959356,0.15,2020-03-09 11:30:56.630820
0.1382920101284981,0.15,2020-03-09 11:30:56.640535
0.137555205821991,0.15,2020-03-09 11:30:56.650596
0.13608159720897675,0.15,2020-03-09 11:30:56.662425
0.1331365615129471,0.15,2020-03-09 11:30:56.671065
0.12503607720136645,0.15,2020-03-09 11:30:56.680996
0.11767239570617677,0.15,2020-03-09 11:30:56.694123
0.10736368000507356,0.15,2020-03-09 11:30:56.702039
0.1,0.15,2020-03-09 11:30:56.710077
0.10736368000507356,0.15,2020-03-09 11:30:56.851506
0.12577288150787355,0.15,2020-03-09 11:30:56.860642
0.14491888619959356,0.15,2020-03-09 11:30:56.870085
0.14491888619959356,0.13,2020-03-09 11:30:56.882571
0.15000000000000002,0.13,2020-03-09 11:30:56.890584
0.14786392226815226,0.13,2020-03-09 11:30:57.061274
0.14418208226561546,0.13,2020-03-09 11:30:57.071049
0.1405002422630787,0.13,2020-03-09 11:30:57.080828
0.1405002422630787,0.15,2020-03-09 11:30:57.092518
0.13534697294235232,0.15,2020-03-09 11:30:57.101156
0.12945472151041032,0.15,2020-03-09 11:30:57.109886
0.11988062858581544,0.15,2020-03-09 11:30:57.118460
0.11399055719375611,0.15,2020-03-09 11:30:57.129949
0.10515326857566834,0.15,2020-03-09 11:30:57.137740
0.1,0.15,2020-03-09 11:30:57.147422
0.1,0.13,2020-03-09 11:30:57.207031
0.11104552149772645,0.13,2020-03-09 11:30:57.331560
0.11693559288978578,0.13,2020-03-09 11:30:57.341477
0.12135423719882965,0.13,2020-03-09 11:30:57.350802
0.12650968581438066,0.13,2020-03-09 11:30:57.363942
0.13019152581691742,0.13,2020-03-09 11:30:57.374845
0.13461017012596133,0.13,2020-03-09 11:30:57.384130
0.14271065369248392,0.13,2020-03-09 11:30:57.394772
0.15000000000000002,0.13,2020-03-09 11:30:57.404783
0.15000000000000002,0.15,2020-03-09 11:30:57.413668
0.15802832990884783,0.15,2020-03-09 11:30:57.460260
0.1631837785243988,0.15,2020-03-09 11:30:57.471454
0.16760242283344268,0.15,2020-03-09 11:30:57.481135
0.1617101699113846,0.15,2020-03-09 11:30:57.510460
0.1617101699113846,0.13,2020-03-09 11:30:57.522030
0.15360968559980392,0.13,2020-03-09 11:30:57.530209
0.15000000000000002,0.13,2020-03-09 11:30:57.538561
0.14565569013357163,0.13,2020-03-09 11:30:57.591425
0.13681840151548386,0.13,2020-03-09 11:30:57.601093
0.1279811128973961,0.13,2020-03-09 11:30:57.610450
0.11840920150279999,0.13,2020-03-09 11:30:57.622691
0.11251694858074189,0.13,2020-03-09 11:30:57.631610
0.10589007139205933,0.13,2020-03-09 11:30:57.640722
0.10220823287963868,0.13,2020-03-09 11:30:57.653591
0.1,0.13,2020-03-09 11:30:57.662281
0.1,0.15,2020-03-09 11:30:57.670705
0.10589007139205933,0.15,2020-03-09 11:30:57.771002
0.11914600431919098,0.15,2020-03-09 11:30:57.780050
0.13092833012342453,0.15,2020-03-09 11:30:57.790799
0.1382920101284981,0.15,2020-03-09 11:30:57.804869
0.14271065369248392,0.15,2020-03-09 11:30:57.814396
0.14344745799899103,0.15,2020-03-09 11:30:57.841164
0.14271065369248392,0.15,2020-03-09 11:30:57.850594
0.14344745799899103,0.15,2020-03-09 11:30:57.862569
0.14418208226561546,0.15,2020-03-09 11:30:57.871860
0.14491888619959356,0.15,2020-03-09 11:30:57.893150
0.14639249406754973,0.15,2020-03-09 11:30:57.902811
0.14565569013357163,0.15,2020-03-09 11:30:57.911038
0.14639249406754973,0.15,2020-03-09 11:30:57.923025
0.14565569013357163,0.15,2020-03-09 11:30:57.942355
0.14639249406754973,0.15,2020-03-09 11:30:57.954425
0.14565569013357163,0.15,2020-03-09 11:30:57.970662
0.14639249406754973,0.15,2020-03-09 11:30:57.980864
0.14491888619959356,0.15,2020-03-09 11:30:58.000404
0.14418208226561546,0.15,2020-03-09 11:30:58.051264
0.14491888619959356,0.15,2020-03-09 11:30:58.060796
0.14418208226561546,0.15,2020-03-09 11:30:58.110770
0.14491888619959356,0.15,2020-03-09 11:30:58.174027
0.14418208226561546,0.15,2020-03-09 11:30:58.183187
0.14491888619959356,0.15,2020-03-09 11:30:58.191593
0.14565569013357163,0.15,2020-03-09 11:30:58.203598
0.14639249406754973,0.15,2020-03-09 11:30:58.211970
0.1471292981877923,0.15,2020-03-09 11:30:58.220817
0.14786392226815226,0.15,2020-03-09 11:30:58.230992
0.14860072629526258,0.15,2020-03-09 11:30:58.250451
0.15000000000000002,0.15,2020-03-09 11:30:58.260842
0.14639249406754973,0.15,2020-03-09 11:31:01.973325
0.14271065369248392,0.15,2020-03-09 11:31:01.983325
0.14271065369248392,0.13,2020-03-09 11:31:01.991827
0.1382920101284981,0.13,2020-03-09 11:31:02.003546
0.137555205821991,0.13,2020-03-09 11:31:02.012267
0.13681840151548386,0.13,2020-03-09 11:31:02.021752
0.13608159720897675,0.13,2020-03-09 11:31:02.032390
0.13681840151548386,0.13,2020-03-09 11:31:02.041072
0.13608159720897675,0.13,2020-03-09 11:31:02.050825
0.13681840151548386,0.13,2020-03-09 11:31:02.071787
0.13608159720897675,0.13,2020-03-09 11:31:02.081207
0.13681840151548386,0.13,2020-03-09 11:31:02.092811
0.13608159720897675,0.13,2020-03-09 11:31:02.110370
0.13681840151548386,0.13,2020-03-09 11:31:02.123495
0.137555205821991,0.13,2020-03-09 11:31:02.161196
0.1382920101284981,0.13,2020-03-09 11:31:02.202561
0.13902881368994713,0.13,2020-03-09 11:31:02.211426
0.13902881368994713,0.15,2020-03-09 11:31:02.224094
0.14123704582452776,0.15,2020-03-09 11:31:02.232614
0.14271065369248392,0.15,2020-03-09 11:31:02.241771
0.14418208226561546,0.15,2020-03-09 11:31:02.253256
0.14491888619959356,0.15,2020-03-09 11:31:02.261825
0.1471292981877923,0.15,2020-03-09 11:31:02.270374
0.14786392226815226,0.15,2020-03-09 11:31:02.280663
0.14860072629526258,0.15,2020-03-09 11:31:02.301613
0.14933753036893904,0.15,2020-03-09 11:31:02.310477
0.15000000000000002,0.15,2020-03-09 11:31:02.331178
0.15287288166582585,0.15,2020-03-09 11:31:12.540002
0.16097336634993553,0.15,2020-03-09 11:31:12.551973
0.16760242283344268,0.15,2020-03-09 11:31:12.561806
0.16760242283344268,0.13,2020-03-09 11:31:12.575204
0.1764375299215317,0.13,2020-03-09 11:31:12.584612
0.1823297828435898,0.13,2020-03-09 11:31:12.592828
0.18748522996902467,0.13,2020-03-09 11:31:12.600883
0.19190387427806854,0.13,2020-03-09 11:31:12.611388
0.192638498544693,0.13,2020-03-09 11:31:12.618674
0.19411210715770721,0.13,2020-03-09 11:31:12.626802
0.19484891295433046,0.13,2020-03-09 11:31:12.636907
0.19558571577072145,0.13,2020-03-09 11:31:12.645133
0.1963203400373459,0.13,2020-03-09 11:31:12.654266
0.19705714285373688,0.13,2020-03-09 11:31:12.662374
0.19779394865036012,0.13,2020-03-09 11:31:12.672942
0.19853075146675112,0.13,2020-03-09 11:31:12.681929
0.1992675542831421,0.13,2020-03-09 11:31:12.691703
0.19853075146675112,0.13,2020-03-09 11:31:12.712039
0.19558571577072145,0.13,2020-03-09 11:31:12.731883
0.18821985423564913,0.13,2020-03-09 11:31:12.741823
0.18012154996395113,0.13,2020-03-09 11:31:12.751490
0.16907384991645813,0.13,2020-03-09 11:31:12.762228
0.15655472204089166,0.13,2020-03-09 11:31:12.771546
0.15000000000000002,0.13,2020-03-09 11:31:12.781347
0.15000000000000002,0.15,2020-03-09 11:31:12.811638
0.15000000000000002,0.13,2020-03-09 11:31:12.971890
0.14933753036893904,0.13,2020-03-09 11:31:12.991968
0.1471292981877923,0.13,2020-03-09 11:31:13.003566
0.14491888619959356,0.13,2020-03-09 11:31:13.013194
0.14344745799899103,0.13,2020-03-09 11:31:13.022535
0.1397634379565716,0.13,2020-03-09 11:31:13.033447
0.1382920101284981,0.13,2020-03-09 11:31:13.042244
0.137555205821991,0.13,2020-03-09 11:31:13.051046
0.13681840151548386,0.13,2020-03-09 11:31:13.063686
0.137555205821991,0.13,2020-03-09 11:31:13.082097
0.14271065369248392,0.13,2020-03-09 11:31:13.094224
0.14933753036893904,0.13,2020-03-09 11:31:13.102585
0.15000000000000002,0.13,2020-03-09 11:31:13.111845
0.15000000000000002,0.15,2020-03-09 11:31:13.160762
0.15000000000000002,0.13,2020-03-09 11:31:13.280631
0.15000000000000002,0.15,2020-03-09 11:31:13.411260
0.14933753036893904,0.15,2020-03-09 11:31:13.462144
0.1471292981877923,0.15,2020-03-09 11:31:13.473105
0.14491888619959356,0.15,2020-03-09 11:31:13.481513
0.13902881368994713,0.15,2020-03-09 11:31:13.491210
0.13461017012596133,0.15,2020-03-09 11:31:13.504048
0.13461017012596133,0.13,2020-03-09 11:31:13.512735
0.12945472151041032,0.13,2020-03-09 11:31:13.521234
0.12356464862823487,0.13,2020-03-09 11:31:13.533128
0.11840920150279999,0.13,2020-03-09 11:31:13.541503
0.11399055719375611,0.13,2020-03-09 11:31:13.548919
0.108098304271698,0.13,2020-03-09 11:31:13.557388
0.10441646575927735,0.13,2020-03-09 11:31:13.567870
0.10073462426662445,0.13,2020-03-09 11:31:13.575599
0.1,0.13,2020-03-09 11:31:13.584568
0.1,0.15,2020-03-09 11:31:13.681440
0.10073462426662445,0.15,2020-03-09 11:31:13.689821
0.1036818414926529,0.15,2020-03-09 11:31:13.699884
0.10662687718868256,0.15,2020-03-09 11:31:13.708166
0.108835107088089,0.15,2020-03-09 11:31:13.718688
0.11178232431411744,0.15,2020-03-09 11:31:13.726329
0.1147273600101471,0.15,2020-03-09 11:31:13.736046
0.11546416580677032,0.15,2020-03-09 11:31:13.746599
0.11767239570617677,0.15,2020-03-09 11:31:13.757636
0.12356464862823487,0.15,2020-03-09 11:31:13.766582
0.1331365615129471,0.15,2020-03-09 11:31:13.777122
0.14786392226815226,0.15,2020-03-09 11:31:13.785408
0.14786392226815226,0.13,2020-03-09 11:31:13.793241
0.15000000000000002,0.13,2020-03-09 11:31:13.803487
0.15287288166582585,0.13,2020-03-09 11:31:13.865223
0.1617101699113846,0.13,2020-03-09 11:31:13.873720
0.16465520560741426,0.13,2020-03-09 11:31:13.881773
0.15876513421535493,0.13,2020-03-09 11:31:13.901428
0.15066464953124525,0.13,2020-03-09 11:31:13.911861
0.15000000000000002,0.13,2020-03-09 11:31:13.921498
0.14565569013357163,0.13,2020-03-09 11:31:13.982797
0.14565569013357163,0.15,2020-03-09 11:31:13.991903
0.13534697294235232,0.15,2020-03-09 11:31:14.001977
0.1279811128973961,0.15,2020-03-09 11:31:14.014254
0.11988062858581544,0.15,2020-03-09 11:31:14.022839
0.11399055719375611,0.15,2020-03-09 11:31:14.031531
0.108835107088089,0.15,2020-03-09 11:31:14.042670
0.1036818414926529,0.15,2020-03-09 11:31:14.052026
0.1,0.15,2020-03-09 11:31:14.059370
0.1,0.13,2020-03-09 11:31:14.088689
0.108098304271698,0.13,2020-03-09 11:31:14.222104
0.11840920150279999,0.13,2020-03-09 11:31:14.234584
0.12945472151041032,0.13,2020-03-09 11:31:14.246374
0.1382920101284981,0.13,2020-03-09 11:31:14.261937
0.14491888619959356,0.13,2020-03-09 11:31:14.270931
0.1471292981877923,0.13,2020-03-09 11:31:14.283912
0.1471292981877923,0.15,2020-03-09 11:31:14.293058
0.14786392226815226,0.15,2020-03-09 11:31:14.304229
0.14860072629526258,0.15,2020-03-09 11:31:14.316782
0.14933753036893904,0.15,2020-03-09 11:31:14.330767
0.15000000000000002,0.15,2020-03-09 11:31:14.348195
0.15000000000000002,0.13,2020-03-09 11:31:14.400659
0.14933753036893904,0.13,2020-03-09 11:31:14.422342
0.14491888619959356,0.13,2020-03-09 11:31:14.431554
0.14418208226561546,0.13,2020-03-09 11:31:14.443069
0.1397634379565716,0.13,2020-03-09 11:31:14.451677
0.13608159720897675,0.13,2020-03-09 11:31:14.461206
0.1338733658194542,0.13,2020-03-09 11:31:14.472311
0.12945472151041032,0.13,2020-03-09 11:31:14.481754
0.12650968581438066,0.13,2020-03-09 11:31:14.491677
0.12429927289485931,0.13,2020-03-09 11:31:14.502720
0.12282784581184387,0.13,2020-03-09 11:31:14.512192
0.12135423719882965,0.13,2020-03-09 11:31:14.521592
0.11988062858581544,0.13,2020-03-09 11:31:14.532315
0.11914600431919098,0.13,2020-03-09 11:31:14.541265
0.11914600431919098,0.15,2020-03-09 11:31:14.571128
0.12135423719882965,0.15,2020-03-09 11:31:14.581675
0.12650968581438066,0.15,2020-03-09 11:31:14.594285
0.12945472151041032,0.15,2020-03-09 11:31:14.603937
0.1338733658194542,0.15,2020-03-09 11:31:14.613028
0.13608159720897675,0.15,2020-03-09 11:31:14.625642
0.1397634379565716,0.15,2020-03-09 11:31:14.637375
0.14271065369248392,0.15,2020-03-09 11:31:14.649231
0.14565569013357163,0.15,2020-03-09 11:31:14.662352
0.1471292981877923,0.15,2020-03-09 11:31:14.673014
0.14786392226815226,0.15,2020-03-09 11:31:14.687852
0.14860072629526258,0.15,2020-03-09 11:31:14.697210
0.14786392226815226,0.15,2020-03-09 11:31:14.741708
0.14860072629526258,0.15,2020-03-09 11:31:14.755515
0.14786392226815226,0.15,2020-03-09 11:31:14.766043
0.14860072629526258,0.15,2020-03-09 11:31:15.310335
0.15000000000000002,0.15,2020-03-09 11:31:15.323124
0.1382920101284981,0.15,2020-03-09 11:31:45.862480
0.12577288150787355,0.15,2020-03-09 11:31:45.874332
0.11546416580677032,0.15,2020-03-09 11:31:45.883741
0.10294503569602967,0.15,2020-03-09 11:31:45.895564
0.1,0.15,2020-03-09 11:31:45.903549
0.1,0.13,2020-03-09 11:31:45.912205
0.10073462426662445,0.13,2020-03-09 11:31:45.925629
0.10736368000507356,0.13,2020-03-09 11:31:45.934371
0.11399055719375611,0.13,2020-03-09 11:31:45.944040
0.12135423719882965,0.13,2020-03-09 11:31:45.955183
0.13166513293981552,0.13,2020-03-09 11:31:45.964132
0.14197385013103486,0.13,2020-03-09 11:31:45.973502
0.15000000000000002,0.13,2020-03-09 11:31:45.985929
0.15000000000000002,0.15,2020-03-09 11:31:46.013382
0.15508329384028913,0.15,2020-03-09 11:31:46.033082
0.16981065422296526,0.15,2020-03-09 11:31:46.043473
0.18527481853961947,0.15,2020-03-09 11:31:46.053683
0.2,0.15,2020-03-09 11:31:46.063975
0.1823297828435898,0.15,2020-03-09 11:31:46.153666
0.1823297828435898,0.13,2020-03-09 11:31:46.162734
0.1602387420833111,0.13,2020-03-09 11:31:46.170883
0.15000000000000002,0.13,2020-03-09 11:31:46.177644
0.14786392226815226,0.13,2020-03-09 11:31:46.215631
0.137555205821991,0.13,2020-03-09 11:31:46.226145
0.12650968581438066,0.13,2020-03-09 11:31:46.233816
0.1147273600101471,0.13,2020-03-09 11:31:46.245881
0.1036818414926529,0.13,2020-03-09 11:31:46.253142
0.1,0.13,2020-03-09 11:31:46.263593
0.1,0.15,2020-03-09 11:31:46.353266
0.10147142708301544,0.15,2020-03-09 11:31:46.404556
0.108098304271698,0.15,2020-03-09 11:31:46.416410
0.1147273600101471,0.15,2020-03-09 11:31:46.424365
0.12356464862823487,0.15,2020-03-09 11:31:46.433369
0.13534697294235232,0.15,2020-03-09 11:31:46.446316
0.15000000000000002,0.15,2020-03-09 11:31:46.454434
0.15140145355835558,0.15,2020-03-09 11:31:46.483790
0.17202106714248658,0.15,2020-03-09 11:31:46.493712
0.19337530434131622,0.15,2020-03-09 11:31:46.506370
0.19337530434131622,0.13,2020-03-09 11:31:46.515005
0.2,0.13,2020-03-09 11:31:46.524066
0.19043026864528656,0.13,2020-03-09 11:31:46.614785
0.1764375299215317,0.13,2020-03-09 11:31:46.626015
0.159501937776804,0.13,2020-03-09 11:31:46.635177
0.15000000000000002,0.13,2020-03-09 11:31:46.647627
0.14123704582452776,0.13,2020-03-09 11:31:46.683548
0.13019152581691742,0.13,2020-03-09 11:31:46.693701
0.13019152581691742,0.15,2020-03-09 11:31:46.702524
0.12282784581184387,0.15,2020-03-09 11:31:46.712939
0.11693559288978578,0.15,2020-03-09 11:31:46.722103
0.11399055719375611,0.15,2020-03-09 11:31:46.730190
0.11104552149772645,0.15,2020-03-09 11:31:46.743793
0.10589007139205933,0.15,2020-03-09 11:31:46.753268
0.10073462426662445,0.15,2020-03-09 11:31:46.763815
0.1,0.15,2020-03-09 11:31:46.775183
0.1,0.13,2020-03-09 11:31:46.823723
0.10662687718868256,0.13,2020-03-09 11:31:46.864506
0.11399055719375611,0.13,2020-03-09 11:31:46.875606
0.11988062858581544,0.13,2020-03-09 11:31:46.884408
0.12724648863077165,0.13,2020-03-09 11:31:46.896062
0.13608159720897675,0.13,2020-03-09 11:31:46.904548
0.14933753036893904,0.13,2020-03-09 11:31:46.914170
0.15000000000000002,0.13,2020-03-09 11:31:46.926678
0.16097336634993553,0.13,2020-03-09 11:31:46.958155
0.17570290565490723,0.13,2020-03-09 11:31:46.968684
0.19043026864528656,0.13,2020-03-09 11:31:46.979439
0.2,0.13,2020-03-09 11:31:46.992847
0.2,0.15,2020-03-09 11:31:47.003050
0.19705714285373688,0.15,2020-03-09 11:31:47.034741
0.18821985423564913,0.15,2020-03-09 11:31:47.043987
0.1779111385345459,0.15,2020-03-09 11:31:47.054816
0.16392058283090594,0.15,2020-03-09 11:31:47.063907
0.15066464953124525,0.15,2020-03-09 11:31:47.073771
0.15000000000000002,0.15,2020-03-09 11:31:47.085951
0.13902881368994713,0.15,2020-03-09 11:31:47.122277
0.13092833012342453,0.15,2020-03-09 11:31:47.134828
0.13092833012342453,0.13,2020-03-09 11:31:47.145943
0.11988062858581544,0.13,2020-03-09 11:31:47.154406
0.11251694858074189,0.13,2020-03-09 11:31:47.163420
0.10589007139205933,0.13,2020-03-09 11:31:47.175303
0.1,0.13,2020-03-09 11:31:47.184862
0.1,0.15,2020-03-09 11:31:47.335539
0.10515326857566834,0.15,2020-03-09 11:31:47.373531
0.11399055719375611,0.15,2020-03-09 11:31:47.384544
0.12356464862823487,0.15,2020-03-09 11:31:47.397536
0.137555205821991,0.15,2020-03-09 11:31:47.407348
0.15000000000000002,0.15,2020-03-09 11:31:47.417093
0.15000000000000002,0.13,2020-03-09 11:31:47.453098
0.1624469742178917,0.13,2020-03-09 11:31:47.465414
0.1779111385345459,0.13,2020-03-09 11:31:47.475071
0.19190387427806854,0.13,2020-03-09 11:31:47.489416
0.2,0.13,2020-03-09 11:31:47.498178
0.1963203400373459,0.13,2020-03-09 11:31:47.583800
0.18527481853961947,0.13,2020-03-09 11:31:47.595998
0.17275568991899493,0.13,2020-03-09 11:31:47.606580
0.159501937776804,0.13,2020-03-09 11:31:47.620632
0.15000000000000002,0.13,2020-03-09 11:31:47.629548
0.15000000000000002,0.15,2020-03-09 11:31:47.663608
0.14491888619959356,0.15,2020-03-09 11:31:47.677166
0.137555205821991,0.15,2020-03-09 11:31:47.687194
0.1338733658194542,0.15,2020-03-09 11:31:47.699307
0.1279811128973961,0.15,2020-03-09 11:31:47.711904
0.12503607720136645,0.15,2020-03-09 11:31:47.722815
0.12429927289485931,0.15,2020-03-09 11:31:47.743793
0.12503607720136645,0.15,2020-03-09 11:31:47.754692
0.12429927289485931,0.15,2020-03-09 11:31:47.767599
0.12356464862823487,0.15,2020-03-09 11:31:47.778116
0.12282784581184387,0.15,2020-03-09 11:31:47.945220
0.12209104001522064,0.15,2020-03-09 11:31:47.956087
0.12061743438243866,0.15,2020-03-09 11:31:47.965768
0.11914600431919098,0.15,2020-03-09 11:31:47.980644
0.11840920150279999,0.15,2020-03-09 11:31:47.991254
0.11840920150279999,0.13,2020-03-09 11:31:48.001271
0.11767239570617677,0.13,2020-03-09 11:31:48.012575
0.1147273600101471,0.13,2020-03-09 11:31:48.022680
0.11104552149772645,0.13,2020-03-09 11:31:48.030742
0.108098304271698,0.13,2020-03-09 11:31:48.044314
0.10662687718868256,0.13,2020-03-09 11:31:48.052498
0.10515326857566834,0.13,2020-03-09 11:31:48.061187
0.10589007139205933,0.13,2020-03-09 11:31:48.114375
0.10515326857566834,0.13,2020-03-09 11:31:48.133897
0.10589007139205933,0.13,2020-03-09 11:31:48.154104
0.10589007139205933,0.15,2020-03-09 11:31:48.193142
0.10662687718868256,0.15,2020-03-09 11:31:48.208854
0.10515326857566834,0.15,2020-03-09 11:31:48.385068
0.1036818414926529,0.15,2020-03-09 11:31:48.395130
0.10294503569602967,0.15,2020-03-09 11:31:48.404346
0.10073462426662445,0.15,2020-03-09 11:31:48.416114
0.1,0.15,2020-03-09 11:31:48.425458
0.10073462426662445,0.15,2020-03-09 11:31:49.963098
0.10147142708301544,0.15,2020-03-09 11:31:49.976450
0.10220823287963868,0.15,2020-03-09 11:31:49.988072
0.1036818414926529,0.15,2020-03-09 11:31:50.004014
0.10515326857566834,0.15,2020-03-09 11:31:50.014605
0.10736368000507356,0.15,2020-03-09 11:31:50.027608
0.108835107088089,0.15,2020-03-09 11:31:50.037726
0.11178232431411744,0.15,2020-03-09 11:31:50.047080
0.1147273600101471,0.15,2020-03-09 11:31:50.059895
0.11767239570617677,0.15,2020-03-09 11:31:50.070747
0.12061743438243866,0.15,2020-03-09 11:31:50.081544
0.12503607720136645,0.15,2020-03-09 11:31:50.097138
0.13092833012342453,0.15,2020-03-09 11:31:50.108109
0.1405002422630787,0.15,2020-03-09 11:31:50.120740
0.14933753036893904,0.15,2020-03-09 11:31:50.130792
0.15000000000000002,0.15,2020-03-09 11:31:50.141644
0.15213825758546592,0.15,2020-03-09 11:32:06.233934
0.1631837785243988,0.15,2020-03-09 11:32:06.248991
0.17570290565490723,0.15,2020-03-09 11:32:06.258363
0.17570290565490723,0.13,2020-03-09 11:32:06.271860
0.18895666003227235,0.13,2020-03-09 11:32:06.281935
0.2,0.13,2020-03-09 11:32:06.290638
0.19043026864528656,0.13,2020-03-09 11:32:06.343734
0.17496610283851624,0.13,2020-03-09 11:32:06.356532
0.15655472204089166,0.13,2020-03-09 11:32:06.366549
0.15000000000000002,0.13,2020-03-09 11:32:06.379605
0.14639249406754973,0.13,2020-03-09 11:32:06.407973
0.1279811128973961,0.13,2020-03-09 11:32:06.417104
0.11104552149772645,0.13,2020-03-09 11:32:06.427237
0.1,0.13,2020-03-09 11:32:06.440363
0.1,0.15,2020-03-09 11:32:06.484873
0.10220823287963868,0.15,2020-03-09 11:32:06.565673
0.11546416580677032,0.15,2020-03-09 11:32:06.580450
0.12945472151041032,0.15,2020-03-09 11:32:06.591186
0.14491888619959356,0.15,2020-03-09 11:32:06.604427
0.15000000000000002,0.15,2020-03-09 11:32:06.615410
0.1631837785243988,0.15,2020-03-09 11:32:06.644966
0.1823297828435898,0.15,2020-03-09 11:32:06.657443
0.19779394865036012,0.15,2020-03-09 11:32:06.666505
0.2,0.15,2020-03-09 11:32:06.677055
0.2,0.13,2020-03-09 11:32:06.734499
0.18821985423564913,0.13,2020-03-09 11:32:06.767240
0.16760242283344268,0.13,2020-03-09 11:32:06.776528
0.15000000000000002,0.13,2020-03-09 11:32:06.786108
0.14197385013103486,0.13,2020-03-09 11:32:06.815346
0.12577288150787355,0.13,2020-03-09 11:32:06.827167
0.1147273600101471,0.13,2020-03-09 11:32:06.836524
0.10515326857566834,0.13,2020-03-09 11:32:06.845538
0.1,0.13,2020-03-09 11:32:06.856435
0.1,0.15,2020-03-09 11:32:06.923858
0.10662687718868256,0.15,2020-03-09 11:32:07.066032
0.1147273600101471,0.15,2020-03-09 11:32:07.077578
0.12356464862823487,0.15,2020-03-09 11:32:07.086789
0.13534697294235232,0.15,2020-03-09 11:32:07.100317
0.15000000000000002,0.15,2020-03-09 11:32:07.111298
0.15066464953124525,0.15,2020-03-09 11:32:07.135644
0.17128426283597947,0.15,2020-03-09 11:32:07.146063
0.17128426283597947,0.13,2020-03-09 11:32:07.158092
0.192638498544693,0.13,2020-03-09 11:32:07.167046
0.2,0.13,2020-03-09 11:32:07.177073
0.19190387427806854,0.13,2020-03-09 11:32:07.246614
0.16907384991645813,0.13,2020-03-09 11:32:07.257920
0.15000000000000002,0.13,2020-03-09 11:32:07.268011
0.14418208226561546,0.13,2020-03-09 11:32:07.306106
0.13461017012596133,0.13,2020-03-09 11:32:07.314874
0.12503607720136645,0.13,2020-03-09 11:32:07.326713
0.11840920150279999,0.13,2020-03-09 11:32:07.342883
0.1147273600101471,0.13,2020-03-09 11:32:07.353168
0.10957191288471223,0.13,2020-03-09 11:32:07.367085
0.10589007139205933,0.13,2020-03-09 11:32:07.377376
0.10589007139205933,0.15,2020-03-09 11:32:07.386784
0.10441646575927735,0.15,2020-03-09 11:32:07.398984
0.1036818414926529,0.15,2020-03-09 11:32:07.411159
0.10294503569602967,0.15,2020-03-09 11:32:07.496660
0.10220823287963868,0.15,2020-03-09 11:32:07.506266
0.10147142708301544,0.15,2020-03-09 11:32:07.546535
0.10220823287963868,0.15,2020-03-09 11:32:07.559135
0.10147142708301544,0.15,2020-03-09 11:32:07.575846
0.10220823287963868,0.15,2020-03-09 11:32:07.589293
0.10147142708301544,0.15,2020-03-09 11:32:07.605198
0.10220823287963868,0.15,2020-03-09 11:32:07.617603
0.10220823287963868,0.13,2020-03-09 11:32:07.634630
0.10073462426662445,0.13,2020-03-09 11:32:07.645217
0.1,0.13,2020-03-09 11:32:07.657526
0.10073462426662445,0.13,2020-03-09 11:32:07.715820
0.10147142708301544,0.13,2020-03-09 11:32:07.748871
0.10441646575927735,0.13,2020-03-09 11:32:07.758784
0.108098304271698,0.13,2020-03-09 11:32:07.769258
0.11104552149772645,0.13,2020-03-09 11:32:07.782311
0.11840920150279999,0.13,2020-03-09 11:32:07.791201
0.12577288150787355,0.13,2020-03-09 11:32:07.805319
0.13239975720643998,0.13,2020-03-09 11:32:07.815198
0.13239975720643998,0.15,2020-03-09 11:32:07.825400
0.137555205821991,0.15,2020-03-09 11:32:07.836886
0.14271065369248392,0.15,2020-03-09 11:32:07.846247
0.14786392226815226,0.15,2020-03-09 11:32:07.856082
0.14933753036893904,0.15,2020-03-09 11:32:07.867110
0.15000000000000002,0.15,2020-03-09 11:32:07.877384
0.13681840151548386,0.15,2020-03-09 11:32:08.076465
0.13681840151548386,0.13,2020-03-09 11:32:08.087667
0.11840920150279999,0.13,2020-03-09 11:32:08.097634
0.10441646575927735,0.13,2020-03-09 11:32:08.112342
0.1,0.13,2020-03-09 11:32:08.123272
0.10220823287963868,0.13,2020-03-09 11:32:08.316425
0.10662687718868256,0.13,2020-03-09 11:32:08.326096
0.10662687718868256,0.15,2020-03-09 11:32:08.336944
0.11030871570110322,0.15,2020-03-09 11:32:08.350094
0.1147273600101471,0.15,2020-03-09 11:32:08.361000
0.11546416580677032,0.15,2020-03-09 11:32:08.370738
0.11840920150279999,0.15,2020-03-09 11:32:08.382963
0.12135423719882965,0.15,2020-03-09 11:32:08.392824
0.12650968581438066,0.15,2020-03-09 11:32:08.407743
0.1331365615129471,0.15,2020-03-09 11:32:08.420743
0.14123704582452776,0.15,2020-03-09 11:32:08.433283
0.14639249406754973,0.15,2020-03-09 11:32:08.445513
0.15000000000000002,0.15,2020-03-09 11:32:08.454446
0.16465520560741426,0.15,2020-03-09 11:32:08.488521
0.17938474714756014,0.15,2020-03-09 11:32:08.503685
0.19337530434131622,0.15,2020-03-09 11:32:08.513273
0.2,0.15,2020-03-09 11:32:08.524555
0.2,0.13,2020-03-09 11:32:08.564982
0.19484891295433046,0.13,2020-03-09 11:32:08.606357
0.17128426283597947,0.13,2020-03-09 11:32:08.616299
0.15000000000000002,0.13,2020-03-09 11:32:08.628777
0.14860072629526258,0.13,2020-03-09 11:32:08.675560
0.14344745799899103,0.13,2020-03-09 11:32:08.687974
0.13608159720897675,0.13,2020-03-09 11:32:08.697622
0.1279811128973961,0.13,2020-03-09 11:32:08.707366
0.11767239570617677,0.13,2020-03-09 11:32:08.720966
0.108098304271698,0.13,2020-03-09 11:32:08.730771
0.1,0.13,2020-03-09 11:32:08.741856
0.1,0.15,2020-03-09 11:32:08.774496
0.1036818414926529,0.15,2020-03-09 11:32:08.867035
0.1036818414926529,0.13,2020-03-09 11:32:08.878044
0.10736368000507356,0.13,2020-03-09 11:32:08.887510
0.11030871570110322,0.13,2020-03-09 11:32:08.901151
0.11325375139713288,0.13,2020-03-09 11:32:08.911066
0.11546416580677032,0.13,2020-03-09 11:32:08.926210
0.11840920150279999,0.13,2020-03-09 11:32:08.935544
0.12282784581184387,0.13,2020-03-09 11:32:08.946377
0.13092833012342453,0.13,2020-03-09 11:32:08.958691
0.14197385013103486,0.13,2020-03-09 11:32:08.968397
0.15000000000000002,0.13,2020-03-09 11:32:08.979528
0.15000000000000002,0.15,2020-03-09 11:32:09.045078
0.1471292981877923,0.15,2020-03-09 11:32:09.555623
0.14344745799899103,0.15,2020-03-09 11:32:09.566592
0.13681840151548386,0.15,2020-03-09 11:32:09.576434
0.1331365615129471,0.15,2020-03-09 11:32:09.589974
0.12650968581438066,0.15,2020-03-09 11:32:09.599748
0.12135423719882965,0.15,2020-03-09 11:32:09.614505
0.11546416580677032,0.15,2020-03-09 11:32:09.626202
0.10736368000507356,0.15,2020-03-09 11:32:09.637539
0.10147142708301544,0.15,2020-03-09 11:32:09.649441
0.1,0.15,2020-03-09 11:32:09.659822
0.1,0.13,2020-03-09 11:32:09.684317
0.10441646575927735,0.13,2020-03-09 11:32:09.876422
0.10441646575927735,0.15,2020-03-09 11:32:09.888721
0.12135423719882965,0.15,2020-03-09 11:32:09.898668
0.14565569013357163,0.15,2020-03-09 11:32:09.912693
0.15000000000000002,0.15,2020-03-09 11:32:09.925639
0.1617101699113846,0.15,2020-03-09 11:32:09.938428
0.1823297828435898,0.15,2020-03-09 11:32:09.947425
0.19558571577072145,0.15,2020-03-09 11:32:09.958186
0.2,0.15,2020-03-09 11:32:09.970747
0.2,0.13,2020-03-09 11:32:10.014068
0.18748522996902467,0.13,2020-03-09 11:32:10.066488
0.16465520560741426,0.13,2020-03-09 11:32:10.078205
0.15000000000000002,0.13,2020-03-09 11:32:10.087576
0.14418208226561546,0.13,2020-03-09 11:32:10.115571
0.12945472151041032,0.13,2020-03-09 11:32:10.128531
0.11914600431919098,0.13,2020-03-09 11:32:10.138574
0.11178232431411744,0.13,2020-03-09 11:32:10.148709
0.10294503569602967,0.13,2020-03-09 11:32:10.162016
0.1,0.13,2020-03-09 11:32:10.172235
0.1,0.15,2020-03-09 11:32:10.234265
0.10957191288471223,0.15,2020-03-09 11:32:10.296475
0.11914600431919098,0.15,2020-03-09 11:32:10.308158
0.12503607720136645,0.15,2020-03-09 11:32:10.318980
0.12503607720136645,0.13,2020-03-09 11:32:10.332335
0.12650968581438066,0.13,2020-03-09 11:32:10.343141
0.12577288150787355,0.13,2020-03-09 11:32:10.356411
0.12650968581438066,0.13,2020-03-09 11:32:10.366193
0.13092833012342453,0.13,2020-03-09 11:32:10.376375
0.13608159720897675,0.13,2020-03-09 11:32:10.388186
0.14344745799899103,0.13,2020-03-09 11:32:10.397901
0.14933753036893904,0.13,2020-03-09 11:32:10.408754
0.15000000000000002,0.13,2020-03-09 11:32:10.421981
0.15000000000000002,0.15,2020-03-09 11:32:10.454543
0.14860072629526258,0.15,2020-03-09 11:32:10.485473
0.14344745799899103,0.15,2020-03-09 11:32:10.497137
0.13681840151548386,0.15,2020-03-09 11:32:10.507336
0.13166513293981552,0.15,2020-03-09 11:32:10.522714
0.11693559288978578,0.15,2020-03-09 11:32:10.533048
0.11693559288978578,0.13,2020-03-09 11:32:10.546557
0.1,0.13,2020-03-09 11:32:10.555630
0.1,0.15,2020-03-09 11:32:10.695427
0.12282784581184387,0.15,2020-03-09 11:32:10.707013
0.15000000000000002,0.15,2020-03-09 11:32:10.717930
0.15000000000000002,0.13,2020-03-09 11:32:10.795408
0.15000000000000002,0.15,2020-03-09 11:32:11.015492
0.15000000000000002,0.13,2020-03-09 11:33:15.577100
0.14639249406754973,0.13,2020-03-09 11:33:15.670797
0.13902881368994713,0.13,2020-03-09 11:33:15.682059
0.1331365615129471,0.13,2020-03-09 11:33:15.692059
0.1279811128973961,0.13,2020-03-09 11:33:15.706568
0.12503607720136645,0.13,2020-03-09 11:33:15.716365
0.12061743438243866,0.13,2020-03-09 11:33:15.726436
0.11767239570617677,0.13,2020-03-09 11:33:15.737914
0.11325375139713288,0.13,2020-03-09 11:33:15.746261
0.10736368000507356,0.13,2020-03-09 11:33:15.755589
0.10515326857566834,0.13,2020-03-09 11:33:15.768243
0.1,0.13,2020-03-09 11:33:15.778737
0.1,0.15,2020-03-09 11:33:15.788074
0.10736368000507356,0.15,2020-03-09 11:33:15.829633
0.11693559288978578,0.15,2020-03-09 11:33:15.841169
0.12282784581184387,0.15,2020-03-09 11:33:15.851306
0.1405002422630787,0.15,2020-03-09 11:33:15.863692
0.15000000000000002,0.15,2020-03-09 11:33:15.874699
0.15000000000000002,0.13,2020-03-09 11:33:15.891672
0.12945472151041032,0.13,2020-03-09 11:33:16.009277
0.12503607720136645,0.13,2020-03-09 11:33:16.022131
0.12135423719882965,0.13,2020-03-09 11:33:16.032661
0.11988062858581544,0.13,2020-03-09 11:33:16.046059
0.11840920150279999,0.13,2020-03-09 11:33:16.057160
0.11693559288978578,0.13,2020-03-09 11:33:16.069568
0.11546416580677032,0.13,2020-03-09 11:33:16.079918
0.1147273600101471,0.13,2020-03-09 11:33:16.089619
0.11399055719375611,0.13,2020-03-09 11:33:16.101688
0.11399055719375611,0.15,2020-03-09 11:33:16.118529
0.11325375139713288,0.15,2020-03-09 11:33:16.136638
0.11251694858074189,0.15,2020-03-09 11:33:16.150895
0.11325375139713288,0.15,2020-03-09 11:33:16.163849
0.11546416580677032,0.15,2020-03-09 11:33:16.301210
0.12061743438243866,0.15,2020-03-09 11:33:16.313622
0.12282784581184387,0.15,2020-03-09 11:33:16.324825
0.12724648863077165,0.15,2020-03-09 11:33:16.339123
0.13092833012342453,0.15,2020-03-09 11:33:16.349017
0.1338733658194542,0.15,2020-03-09 11:33:16.362461
0.13534697294235232,0.15,2020-03-09 11:33:16.372075
0.13681840151548386,0.15,2020-03-09 11:33:16.382087
0.13902881368994713,0.15,2020-03-09 11:33:16.396210
0.1397634379565716,0.15,2020-03-09 11:33:16.408933
0.1397634379565716,0.13,2020-03-09 11:33:16.439711
0.1382920101284981,0.13,2020-03-09 11:33:16.449126
0.13681840151548386,0.13,2020-03-09 11:33:16.461354
0.13608159720897675,0.13,2020-03-09 11:33:16.470054
0.13681840151548386,0.13,2020-03-09 11:33:16.479307
0.137555205821991,0.13,2020-03-09 11:33:16.490533
0.14860072629526258,0.13,2020-03-09 11:33:16.500303
0.15000000000000002,0.13,2020-03-09 11:33:16.510490
0.15066464953124525,0.13,2020-03-09 11:33:16.550341
0.15876513421535493,0.13,2020-03-09 11:33:16.561065
0.16465520560741426,0.13,2020-03-09 11:33:16.570136
0.17128426283597947,0.13,2020-03-09 11:33:16.581955
0.1764375299215317,0.13,2020-03-09 11:33:16.591206
0.1764375299215317,0.15,2020-03-09 11:33:16.600190
0.17938474714756014,0.15,2020-03-09 11:33:16.611973
0.18012154996395113,0.15,2020-03-09 11:33:16.620738
0.17938474714756014,0.15,2020-03-09 11:33:16.629796
0.1771743357181549,0.15,2020-03-09 11:33:16.641557
0.17202106714248658,0.15,2020-03-09 11:33:16.650699
0.16539200991392136,0.15,2020-03-09 11:33:16.660973
0.15655472204089166,0.15,2020-03-09 11:33:16.673065
0.15000000000000002,0.15,2020-03-09 11:33:16.682310
0.14491888619959356,0.15,2020-03-09 11:33:17.398767
0.1405002422630787,0.15,2020-03-09 11:33:17.413447
0.137555205821991,0.15,2020-03-09 11:33:17.424951
0.13608159720897675,0.15,2020-03-09 11:33:17.438752
0.13534697294235232,0.15,2020-03-09 11:33:17.450999
0.13608159720897675,0.15,2020-03-09 11:33:17.469583
0.13608159720897675,0.13,2020-03-09 11:33:17.480589
0.13534697294235232,0.13,2020-03-09 11:33:17.493069
0.13608159720897675,0.13,2020-03-09 11:33:17.502846
0.13534697294235232,0.13,2020-03-09 11:33:17.515157
0.13608159720897675,0.13,2020-03-09 11:33:17.529843
0.137555205821991,0.13,2020-03-09 11:33:17.552038
0.13902881368994713,0.13,2020-03-09 11:33:17.562747
0.14271065369248392,0.13,2020-03-09 11:33:17.572768
0.14418208226561546,0.13,2020-03-09 11:33:17.585377
0.1471292981877923,0.13,2020-03-09 11:33:17.595601
0.14860072629526258,0.13,2020-03-09 11:33:17.607970
0.14860072629526258,0.15,2020-03-09 11:33:17.621433
0.14933753036893904,0.15,2020-03-09 11:33:17.633021
0.15000000000000002,0.15,2020-03-09 11:33:17.645040
0.15508329384028913,0.15,2020-03-09 11:34:07.952939
0.17054745852947234,0.15,2020-03-09 11:34:07.965782
0.18748522996902467,0.15,2020-03-09 11:34:07.976182
0.19558571577072145,0.15,2020-03-09 11:34:07.988939
0.19853075146675112,0.15,2020-03-09 11:34:07.999720
0.2,0.15,2020-03-09 11:34:08.009882
0.19484891295433046,0.15,2020-03-09 11:34:08.122088
0.1815929800271988,0.15,2020-03-09 11:34:08.131776
0.16097336634993553,0.15,2020-03-09 11:34:08.142028
0.15000000000000002,0.15,2020-03-09 11:34:08.153899
0.14639249406754973,0.15,2020-03-09 11:34:08.192107
0.13534697294235232,0.15,2020-03-09 11:34:08.202430
0.12135423719882965,0.15,2020-03-09 11:34:08.215466
0.108098304271698,0.15,2020-03-09 11:34:08.226180
0.1,0.15,2020-03-09 11:34:08.235592
0.10662687718868256,0.15,2020-03-09 11:34:08.363841
0.12945472151041032,0.15,2020-03-09 11:34:08.374411
0.15000000000000002,0.15,2020-03-09 11:34:08.384924
0.13902881368994713,0.15,2020-03-09 11:34:18.611891
0.13019152581691742,0.15,2020-03-09 11:34:18.623400
0.12577288150787355,0.15,2020-03-09 11:34:18.632179
0.12650968581438066,0.15,2020-03-09 11:34:18.663039
0.12724648863077165,0.15,2020-03-09 11:34:18.713559
0.13019152581691742,0.15,2020-03-09 11:34:18.722166
0.1338733658194542,0.15,2020-03-09 11:34:18.732915
0.13902881368994713,0.15,2020-03-09 11:34:18.744699
0.14860072629526258,0.15,2020-03-09 11:34:18.753447
0.15000000000000002,0.15,2020-03-09 11:34:18.761841
0.15066464953124525,0.15,2020-03-09 11:34:18.953626
0.15000000000000002,0.15,2020-03-09 11:34:18.973302
0.1471292981877923,0.15,2020-03-09 11:34:19.043567
0.137555205821991,0.15,2020-03-09 11:34:19.053668
0.12945472151041032,0.15,2020-03-09 11:34:19.061838
0.12356464862823487,0.15,2020-03-09 11:34:19.074490
0.11988062858581544,0.15,2020-03-09 11:34:19.083771
0.12061743438243866,0.15,2020-03-09 11:34:19.133149
0.12209104001522064,0.15,2020-03-09 11:34:19.142663
0.12577288150787355,0.15,2020-03-09 11:34:19.164942
0.12724648863077165,0.15,2020-03-09 11:34:19.174832
0.13608159720897675,0.15,2020-03-09 11:34:19.183220
0.15000000000000002,0.15,2020-03-09 11:34:19.196477
0.15000000000000002,0.13,2020-03-09 11:34:19.352324
0.15000000000000002,0.15,2020-03-09 11:34:19.682444
0.15000000000000002,0.13,2020-03-09 11:34:20.800687
0.15000000000000002,0.15,2020-03-09 11:34:21.072615
0.15000000000000002,0.13,2020-03-09 11:34:21.242903
0.15000000000000002,0.15,2020-03-09 11:34:22.360788
0.15213825758546592,0.15,2020-03-09 11:34:24.802117
0.17570290565490723,0.15,2020-03-09 11:34:24.813895
0.2,0.15,2020-03-09 11:34:24.825179
0.19411210715770721,0.15,2020-03-09 11:34:25.044434
0.18085617423057557,0.15,2020-03-09 11:34:25.057030
0.16392058283090594,0.15,2020-03-09 11:34:25.066712
0.15000000000000002,0.15,2020-03-09 11:34:25.079820
0.14639249406754973,0.15,2020-03-09 11:34:25.194792
0.12503607720136645,0.15,2020-03-09 11:34:25.206052
0.10073462426662445,0.15,2020-03-09 11:34:25.216160
0.1,0.15,2020-03-09 11:34:25.228504
0.11693559288978578,0.15,2020-03-09 11:34:25.404547
0.14418208226561546,0.15,2020-03-09 11:34:25.416673
0.15000000000000002,0.15,2020-03-09 11:34:25.427810
0.16465520560741426,0.15,2020-03-09 11:34:25.445142
0.19484891295433046,0.15,2020-03-09 11:34:25.455743
0.2,0.15,2020-03-09 11:34:25.468807
0.19558571577072145,0.15,2020-03-09 11:34:25.623298
0.18748522996902467,0.15,2020-03-09 11:34:25.634723
0.1771743357181549,0.15,2020-03-09 11:34:25.645076
0.1624469742178917,0.15,2020-03-09 11:34:25.657587
0.15140145355835558,0.15,2020-03-09 11:34:25.668714
0.15000000000000002,0.15,2020-03-09 11:34:25.678650
0.13019152581691742,0.15,2020-03-09 11:34:25.733131
0.11030871570110322,0.15,2020-03-09 11:34:25.744739
0.1,0.15,2020-03-09 11:34:25.754610
0.12356464862823487,0.15,2020-03-09 11:34:25.913896
0.15000000000000002,0.15,2020-03-09 11:34:25.926202
0.15876513421535493,0.15,2020-03-09 11:34:25.953505
0.16760242283344268,0.15,2020-03-09 11:34:25.964993
0.17275568991899493,0.15,2020-03-09 11:34:25.977935
0.1617101699113846,0.15,2020-03-09 11:34:25.990647
0.15000000000000002,0.15,2020-03-09 11:34:26.005575
0.16465520560741426,0.15,2020-03-09 11:34:26.725237
0.19484891295433046,0.15,2020-03-09 11:34:26.735976
0.2,0.15,2020-03-09 11:34:26.744252
0.19043026864528656,0.15,2020-03-09 11:34:26.894334
0.1779111385345459,0.15,2020-03-09 11:34:26.905777
0.1624469742178917,0.15,2020-03-09 11:34:26.914386
0.15000000000000002,0.15,2020-03-09 11:34:26.928044
0.14565569013357163,0.15,2020-03-09 11:34:26.954990
0.12356464862823487,0.15,2020-03-09 11:34:26.963450
0.10515326857566834,0.15,2020-03-09 11:34:26.973504
0.1,0.15,2020-03-09 11:34:26.985580
0.11546416580677032,0.15,2020-03-09 11:34:27.164717
0.1382920101284981,0.15,2020-03-09 11:34:27.173992
0.15000000000000002,0.15,2020-03-09 11:34:27.183108
0.15213825758546592,0.15,2020-03-09 11:34:27.204334
0.1668656185269356,0.15,2020-03-09 11:34:27.213527
0.1830665856599808,0.15,2020-03-09 11:34:27.225247
0.19558571577072145,0.15,2020-03-09 11:34:27.234625
0.2,0.15,2020-03-09 11:34:27.244843
0.19558571577072145,0.15,2020-03-09 11:34:27.354551
0.18895666003227235,0.15,2020-03-09 11:34:27.365513
0.1815929800271988,0.15,2020-03-09 11:34:27.375111
0.17202106714248658,0.15,2020-03-09 11:34:27.387445
0.15876513421535493,0.15,2020-03-09 11:34:27.396416
0.15000000000000002,0.15,2020-03-09 11:34:27.405405
0.1382920101284981,0.15,2020-03-09 11:34:27.433035
0.11914600431919098,0.15,2020-03-09 11:34:27.446364
0.1036818414926529,0.15,2020-03-09 11:34:27.454560
0.1,0.15,2020-03-09 11:34:27.463490
0.11914600431919098,0.15,2020-03-09 11:34:27.532902
0.13461017012596133,0.15,2020-03-09 11:34:27.544815
0.15000000000000002,0.15,2020-03-09 11:34:27.554345
0.15213825758546592,0.15,2020-03-09 11:34:27.605973
0.16981065422296526,0.15,2020-03-09 11:34:27.615938
0.18748522996902467,0.15,2020-03-09 11:34:27.624598
0.2,0.15,2020-03-09 11:34:27.635996
0.19779394865036012,0.15,2020-03-09 11:34:27.714959
0.19558571577072145,0.15,2020-03-09 11:34:27.725853
0.19190387427806854,0.15,2020-03-09 11:34:27.734007
0.1860116243362427,0.15,2020-03-09 11:34:27.746280
0.17938474714756014,0.15,2020-03-09 11:34:27.755712
0.16981065422296526,0.15,2020-03-09 11:34:27.765816
0.15360968559980392,0.15,2020-03-09 11:34:27.776455
0.15000000000000002,0.15,2020-03-09 11:34:27.784906
0.1668656185269356,0.15,2020-03-09 11:34:28.464151
0.18821985423564913,0.15,2020-03-09 11:34:28.473719
0.2,0.15,2020-03-09 11:34:28.484084
0.17202106714248658,0.15,2020-03-09 11:34:28.614820
0.15000000000000002,0.15,2020-03-09 11:34:28.625462
